"","ID","Variant_DRGSG","DRG_AVG_C","SG_AVG_C","MEAN_DRG_SG_C","DRG_AVG_T","SG_AVG_T","MEAN_DRG_SG_T","LEFT_AVG_C","RIGHT_AVG_C","MEAN_LEFT_RIGHT_C","LEFT_AVG_T","RIGHT_AVG_T","MEAN_LEFT_RIGHT_T","flag","temp"
"1","1-70750589-C-T","Both_DRGSG",0.100312586,0.050861021,0.075586804,0.149534917,0.070420584,0.10997775,0.087694314,0.089305759,0.088500036,0.11367592,0.097457415,0.105566667,0,240
"2","10-68394588-G-C","Both_DRGSG",0.093252553,0.059836101,0.076544327,0.149468224,0.080776471,0.115122347,0.073015045,0.096460992,0.084738018,0.123506481,0.099313429,0.111409955,0,510
"3","11-116732279-T-C","Both_DRGSG",0.126955773,0.081758242,0.104357007,0.157218708,0.067017415,0.112118062,0.146819564,0.088353448,0.117586506,0.115055508,0.099063988,0.107059748,0,360
"4","12-40734562-G-T","Both_DRGSG",0.082100846,0.047174391,0.064637619,0.129985421,0.065837083,0.097911252,0.07257001,0.074889581,0.073729795,0.106286833,0.082626795,0.094456814,0,390
"5","14-77720023-C-T","Both_DRGSG",0.101969496,0.053136299,0.077552897,0.162713274,0.087523679,0.125118477,0.087576952,0.092856719,0.090216835,0.136894177,0.105333763,0.12111397,0,260
"6","15-79558419-G-A","Both_DRGSG",0.097277127,0.055744645,0.076510886,0.150841128,0.078692491,0.114766809,0.084354862,0.090146241,0.087250551,0.120122911,0.101455459,0.110789185,0,340
"7","17-21202400-C-T","Both_DRGSG",0.338470081,0.356760602,0.347615342,0.337515293,0.355713214,0.346614253,0.369893826,0.318216913,0.34405537,0.348843167,0.3465546,0.347698883,0,2560
"8","17-21307296-G-C","Both_DRGSG",0.1016456,0.10148042,0.10156301,0.142111407,0.130658459,0.136384933,0.082644528,0.118844219,0.100744374,0.131334157,0.139904656,0.135619407,1,10000
"9","17-21307604-G-A","Both_DRGSG",0.156405945,0.172304835,0.16435539,0.167919862,0.171597937,0.1697589,0.165656813,0.155222833,0.160439823,0.170642841,0.169333101,0.169987971,0,3480
"10","17-21308381-C-T","Both_DRGSG",0.15511191,0.173545528,0.164328719,0.163371883,0.169344699,0.166358291,0.166170284,0.15343776,0.159804022,0.166893463,0.166526175,0.166709819,0,2610
"11","17-21308561-G-A","Both_DRGSG",0.155296036,0.173728824,0.16451243,0.163759122,0.172676854,0.168217988,0.16830339,0.151849709,0.160076549,0.169944568,0.167583267,0.168763918,0,2620
"12","19-44507085-T-C","Both_DRGSG",0.103109915,0.054745597,0.078927756,0.161795178,0.07688269,0.119338934,0.089880239,0.093153112,0.091516676,0.127694325,0.101714188,0.114704256,0,240
"13","19-51992729-A-T","Both_DRGSG",0.105290235,0.057816287,0.081553261,0.165376677,0.077912734,0.121644706,0.087953589,0.099471755,0.093712672,0.12996522,0.103763312,0.116864266,0,270
"14","3-124581556-C-A","Both_DRGSG",0.106397905,0.054546379,0.080472142,0.167015786,0.078553009,0.122784398,0.092051923,0.095870831,0.093961377,0.13147093,0.10444012,0.117955525,0,250
"15","4-106163190-AG-A","Both_DRGSG",0.150917645,0.09638966,0.123653653,0.209612852,0.125972522,0.167792687,0.142376884,0.133896527,0.138136705,0.179168277,0.147429587,0.163298932,0,270
"16","4-93607381-G-T","Both_DRGSG",0.069195751,0.037484493,0.053340122,0.137472746,0.07056376,0.104018253,0.029982257,0.086865311,0.058423784,0.118468456,0.082621584,0.10054502,0,400
"17","5-117301025-C-G","Both_DRGSG",0.098638849,0.087810957,0.093224903,0.146761585,0.108054006,0.127407795,0.106231804,0.086714738,0.096473271,0.161589117,0.092814995,0.127202056,0,5180
"18","5-93756584-A-G","Both_DRGSG",0.100514423,0.070877438,0.08569593,0.152227665,0.080606356,0.11641701,0.089093429,0.097425789,0.093259609,0.122185232,0.102772196,0.112478714,0,690
"19","6-57243581-G-A","Both_DRGSG",0.223098278,0.146183701,0.18464099,0.235644031,0.208783837,0.222213934,0.223701031,0.18758915,0.20564509,0.214843404,0.226197146,0.220520275,0,190
"20","6-57270006-C-G","Both_DRGSG",0.223533639,0.167419364,0.195476501,0.237219715,0.229163465,0.23319159,0.223915504,0.19768,0.210797752,0.233660614,0.231828403,0.232744508,0,320
"21","6-57295058-G-C","Both_DRGSG",0.223461663,0.242352407,0.232907035,0.247993449,0.246782567,0.247388008,0.240585588,0.21648116,0.228533374,0.250672177,0.244115519,0.247393848,0,2800
"22","6-57409793-T-C","Both_DRGSG",0.246992005,0.258292735,0.25264237,0.249921356,0.252474186,0.251197771,0.243999739,0.254848942,0.249424341,0.250866558,0.251804023,0.25133529,0,7710
"23","6-57411355-A-G","Both_DRGSG",0.260597312,0.290389767,0.275493539,0.296689151,0.289305476,0.292997313,0.275283846,0.260787942,0.268035894,0.287328455,0.297569442,0.292448949,0,1160
"24","6-57436576-G-A","Both_DRGSG",0.110322338,0.122025235,0.116173787,0.158683439,0.117400143,0.138041791,0.091173863,0.133049541,0.112111702,0.130803519,0.140259766,0.135531643,0,5220
"25","6-57457413-G-C","Both_DRGSG",0.249471246,0.278889026,0.264180136,0.285189549,0.285782462,0.285486006,0.257732113,0.255333086,0.256532599,0.288907775,0.282287148,0.285597461,0,1180
"26","7-100800587-G-A","Both_DRGSG",0.103638931,0.053981916,0.078810423,0.167278454,0.087790895,0.127534675,0.09204652,0.091606116,0.091826318,0.139447022,0.10713112,0.123289071,0,230
"27","7-43688974-T-C","Both_DRGSG",0.106849652,0.059130379,0.082990016,0.163326853,0.081108301,0.122217577,0.093686177,0.097125869,0.095406023,0.13234078,0.103211502,0.117776141,0,290
"28","7-83625315-A-C","Both_DRGSG",0.096274488,0.056096265,0.076185376,0.148238153,0.07689303,0.112565591,0.08386738,0.089290849,0.086579114,0.120719911,0.096674522,0.108697217,0,370
"29","9-84203608-C-T","Both_DRGSG",0.103644318,0.055776381,0.079710349,0.158827312,0.084513016,0.121670164,0.088748997,0.095427366,0.092088182,0.131994978,0.103369853,0.117682416,0,250
"30","1-103439900-C-T","DRG_Enriched",0.049316852,0.028186173,0.038751512,0.076310126,0.039223037,0.057766582,0.035474804,0.052295677,0.043885241,0.063077393,0.048482729,0.055780061,0,710
"31","1-59119451-T-A","DRG_Enriched",0.028768987,0.03849308,0.033631034,0.048437668,0.034116173,0.04127692,0.017261737,0.043650166,0.030455951,0.038364611,0.042429409,0.04039701,0,2780
"32","1-70385930-G-T","DRG_Enriched",0.053491019,0.030388958,0.041939989,0.084546818,0.042592557,0.063569687,0.048648283,0.04739257,0.048020426,0.070095599,0.052572878,0.061334239,0,630
"33","11-9432847-G-T","DRG_Enriched",0.053359502,0.030627246,0.041993374,0.088476793,0.046137064,0.067306928,0.046082164,0.04964242,0.047862292,0.072850923,0.0572036,0.065027262,0,630
"34","14-46831327-A-G","DRG_Enriched",0.049292087,0.02870037,0.038996228,0.078905838,0.041776975,0.060341406,0.045536744,0.043346164,0.044441454,0.063410195,0.053192919,0.058301557,0,730
"35","14-46963812-G-A","DRG_Enriched",0.048528866,0.026630728,0.037579797,0.067059564,0.037817576,0.05243857,0.046470984,0.040445969,0.043458477,0.054026026,0.047600318,0.050813172,0,650
"36","15-101425372-G-T","DRG_Enriched",0.038027634,0.019946932,0.028987283,0.055409853,0.030408065,0.042908959,0.034473925,0.033039778,0.033756851,0.04662008,0.036525413,0.041572746,0,770
"37","16-7465405-G-T","DRG_Enriched",0.052484377,0.032799959,0.042642168,0.08217323,0.044336341,0.063254786,0.047713773,0.047873826,0.0477938,0.06868585,0.053770942,0.061228396,0,880
"38","16-83994514-C-T","DRG_Enriched",0.033856418,0.021010794,0.027433606,0.056882863,0.029353858,0.043118361,0.028893072,0.032529631,0.030711351,0.047442526,0.035862453,0.041652489,0,1370
"39","18-57314900-T-A","DRG_Enriched",0.049488904,0.025968859,0.037728881,0.082565157,0.041028048,0.061796602,0.042850355,0.044833019,0.043841687,0.066081453,0.052986392,0.059533922,0,570
"40","18-77636470-C-A","DRG_Enriched",0.055433881,0.024066993,0.039750437,0.076343532,0.035951146,0.056147339,0.045963691,0.049785469,0.04787458,0.060326671,0.047567932,0.053947302,0,340
"41","19-12206546-G-A","DRG_Enriched",0.048963191,0.026714305,0.037838748,0.071843971,0.038506835,0.055175403,0.041847177,0.045319164,0.04358317,0.059518106,0.047241784,0.053379945,0,620
"42","19-29932811-T-A","DRG_Enriched",0.056486527,0.033007551,0.044747039,0.082210611,0.046282534,0.064246572,0.051302414,0.050527096,0.050914755,0.067445928,0.057109906,0.062277917,0,660
"43","2-178988030-C-T","DRG_Enriched",0.046675737,0.025822324,0.03624903,0.076584831,0.039767551,0.058176191,0.043530713,0.040056024,0.041793369,0.063521315,0.048890245,0.05620578,0,650
"44","21-44741597-G-C","DRG_Enriched",0.051745052,0.030012331,0.040878692,0.07969655,0.038840293,0.059268422,0.045305409,0.047720763,0.046513086,0.061630615,0.052370844,0.057000729,0,720
"45","3-42663346-A-C","DRG_Enriched",0.115438818,0.037606838,0.076522828,0.154370979,0.084132324,0.119251652,0.128869591,0.067850852,0.098360221,0.126814202,0.104051188,0.115432695,0,120
"46","3-53915544-CTG-C","DRG_Enriched",0.048011402,0.032712015,0.040361708,0.07925598,0.044793122,0.062024551,0.03842322,0.049773664,0.044098442,0.068795998,0.051644662,0.06022033,0,1350
"47","5-40936730-G-A","DRG_Enriched",0.172916228,0,0.086458114,0.156384113,0.102667233,0.129525673,0.155545843,0.161423485,0.158484664,0.11365607,0.138767993,0.126212031,0,NA
"48","5-59900803-C-T","DRG_Enriched",0.034676316,0.019003485,0.0268399,0.056581133,0.025455946,0.041018539,0.028773674,0.03291834,0.030846007,0.043900973,0.034730173,0.039315573,0,880
"49","5-73145237-T-C","DRG_Enriched",0.054802685,0.01372431,0.034263497,0.083464206,0.038319581,0.060891894,0.045601857,0.044495086,0.045048471,0.059390371,0.057195095,0.058292733,0,160
"50","6-149135240-T-A","DRG_Enriched",0.04289303,0.023759469,0.033326249,0.072032289,0.035297045,0.053664667,0.036410077,0.04008955,0.038249813,0.057016708,0.046290533,0.05165362,0,740
"51","7-111803031-T-C","DRG_Enriched",0.049446377,0.030358392,0.039902385,0.080662017,0.039573235,0.060117626,0.044706217,0.045079257,0.044892737,0.06214984,0.053508606,0.057829223,0,890
"52","8-96466394-C-G","DRG_Enriched",0.054011749,0.033901525,0.043956637,0.087468937,0.045634851,0.066551894,0.047780627,0.050535395,0.049158011,0.070669604,0.057867479,0.064268542,0,830
"53","9-124351290-C-A","DRG_Enriched",0.060666329,0.037852308,0.049259319,0.09063082,0.043568626,0.067099723,0.051715449,0.058433483,0.055074466,0.070625103,0.058386611,0.064505857,0,720
"54","9-29194390-A-G","DRG_Enriched",0.034644026,0.021030004,0.027837015,0.053700232,0.030951612,0.042325922,0.03159546,0.031227259,0.031411359,0.044643151,0.037528951,0.041086051,0,1210
"55","9-8625551-T-C","DRG_Enriched",0.050390798,0.030205552,0.040298175,0.085092426,0.048767629,0.066930028,0.043472085,0.047505425,0.045488755,0.074360926,0.05570908,0.065035003,0,780
"56","17-21303997-C-G","SG_Enriched",0.16824477,0.173594541,0.170919656,0.166445283,0.171670066,0.169057675,0.170296954,0.168810863,0.169553908,0.168967827,0.169737164,0.169352495,1,10000
"57","6-57495122-C-G","SG_Enriched",0.158176893,0.178888889,0.168532891,0.098807325,0.154510425,0.126658875,0.169908425,0.156926407,0.163417416,0.14302263,0.115600178,0.129311404,0,2100
